decision_date,publication_date,rate_decision,overall_stance,composite_score,vote_split,forward_guidance,hawkish_signals,dovish_signals,dissent_summary,market_implications
2026-02-05,2026-02-19,Hold,dovish,-1.0,"{""hold"": 7}","The committee remains cautious, signaling that future policy adjustments will depend on the evolution of inflation and economic activity.",Slight upward revision in global growth prospects.; Stabilization in the US labor market.,Ongoing uncertainty in global economic activity.; Weak employment growth not contributing to inflation.; Risks from geopolitical tensions.,"There was a consensus on holding rates, but some members expressed concerns about the potential for a more aggressive stance if inflationary pressures persist.","The decision to hold rates suggests stability in the near term, but markets may anticipate future cuts if inflation continues to moderate."
2025-12-18,2026-01-08,The monetary policy rate remains unchanged.,dovish,-0.5,"{""hold"": 6, ""cut_25"": 1}","The committee is positioned to assess economic developments closely, indicating readiness for future adjustments based on evolving conditions.",Persistent inflation in services could lead to future tightening.; The potential for further rate cuts in other economies may influence Banxico's decisions.,"Weak economic growth projections for Mexico and the U.S.; The labor market is showing signs of weakness, reducing inflationary pressures.","One member voted for a rate cut, reflecting concerns about the economic slowdown and the need for more accommodative monetary policy.","The unchanged rate suggests a cautious approach, likely leading to a flatter yield curve and potential depreciation of the peso as markets adjust to the dovish stance."
2025-11-06,2025-11-20,Hold,dovish,-1.0,"{""hold"": 6, ""cut_25"": 1}","The committee maintains a cautious stance, emphasizing the need for data dependency in future decisions. They signal readiness to adjust policy as necessary based on evolving economic conditions.",None identified.,Economic contraction in Mexico's Q3 2025.; Weakness in the labor market and consumption dynamics.; Lower growth outlook for 2025.,"There was a single dissenting vote for a rate cut, indicating a divergence in views regarding the urgency of monetary easing.","The decision to hold rates suggests stability in the near term, but the dovish tone may lead to expectations of future cuts, impacting the yield curve and potentially weakening the peso."
2025-09-25,2025-10-09,Hold,dovish,-1.2,"{""hold"": 6, ""cut_25"": 1}","The committee signaled a cautious approach, indicating that future monetary policy adjustments will depend on evolving economic conditions, particularly regarding inflation and growth.",Moderate depreciation of the dollar may support Mexican exports.; Improved financial market conditions due to a less restrictive US monetary policy.,Weak growth indicators in Mexico and the US.; Persistent core inflation and rising unemployment in the US.,"One member voted for a rate cut, highlighting concerns over the economic slowdown and the need for more aggressive monetary easing.","The decision to hold rates suggests stability in the near term, but the dovish tone may lead to expectations of future cuts, impacting the yield curve and potentially leading to a weaker peso."
2025-08-07,2025-08-21,Hold,dovish,-0.5,"{""hold"": 5, ""cut_25"": 2}","The committee emphasizes the need for patience in monetary policy adjustments, with future decisions contingent on economic data and inflation trends.",Better-than-expected growth in Q2 2025; Improvement in global financial markets,Weakness in private consumption; Cooling labor market; Expected global economic slowdown,"There was a notable split in opinions regarding the need for a rate cut, with two members advocating for a reduction, reflecting concerns about the labor market and inflation expectations.","The decision to hold rates suggests stability in the near term, but the mixed signals may lead to volatility in the yield curve and currency markets as investors assess future moves."
2025-06-26,2025-07-10,Hold,dovish,-0.5,"{""hold"": 6, ""cut_25"": 1}","The committee emphasizes a cautious approach, indicating that they will monitor economic developments closely before making further adjustments to the policy rate.",Moderate growth expectations in advanced economies.; Inflation pressures in food prices.,Signs of economic slowdown in both advanced and emerging economies.; Continued uncertainty in global trade affecting growth.,"One member expressed concern over the need for a rate cut, highlighting the risks of prolonged economic weakness.","The decision to hold rates suggests stability in the near term, with potential for future cuts if economic conditions do not improve. This may lead to a flatter yield curve and a weaker peso."
2025-05-15,2025-05-29,Hold,dovish,-1.2,"{""hold"": 6, ""cut_25"": 0}","The committee emphasized the need for caution and patience in monetary policy, awaiting clearer signals on inflation and economic recovery before making further adjustments.",Continued focus on inflation risks; Expectation of future rate cuts if economic conditions worsen,Weak economic growth; Relaxation in the labor market; Downward revisions of growth forecasts,"There were no dissents noted, but concerns were raised about the impact of trade policies on economic activity and inflation.","The decision to hold rates suggests stability in the near term, but ongoing economic weakness may lead to future rate cuts, affecting the yield curve and potentially leading to a weaker peso."
2025-03-27,2025-04-10,hold,dovish,-0.5,"{""hold"": 6, ""cut_25"": 1}","The committee remains cautious and attentive to external risks, indicating that future policy adjustments will depend on evolving economic conditions.",Inflation expectations are still elevated.; Some members noted the potential for future rate cuts.,Economic growth forecasts have been revised downward.; The labor market shows signs of weakness.,"One member dissented, advocating for a rate cut due to concerns over economic growth and external risks.","The decision to hold rates suggests stability in the near term, but ongoing economic weakness may lead to future rate cuts, impacting the yield curve and currency stability."
2025-02-06,2025-02-20,hold,dovish,-0.5,"{""hold"": 6, ""cut_25"": 1}","The committee emphasized a cautious approach, indicating that future decisions will depend on incoming economic data and the evolving inflation outlook.",Inflation is within the target range.; Recent improvements in core inflation metrics.,Significant contraction in economic activity.; Weakening labor market.; Increased economic slack expected.,"One member voted for a rate cut, highlighting concerns about the economic slowdown and advocating for more aggressive monetary easing.","The hold decision suggests stability in the near term, but the dovish tone may lead to expectations of future rate cuts, impacting the yield curve and potentially weakening the peso."
2024-12-19,2025-01-09,The decision was to hold the policy rate steady at the current level.,dovish,-0.5,"{""hold"": 6, ""cut_25"": 1}","The committee emphasized a data-dependent approach for future decisions, suggesting that any adjustments will be contingent on inflation trends and economic indicators.",Strong private consumption in the US supports economic resilience.; Inflation is trending down in advanced economies.,Labor market signs of relaxation with rising unemployment.; Global economic growth is expected to be below pre-pandemic levels.,"One member dissented, advocating for a rate cut, citing the need for more aggressive action to support economic growth.","The decision to hold rates may lead to a flatter yield curve as markets anticipate a prolonged period of stable rates, with potential volatility in FX markets due to external uncertainties."
2024-11-14,2024-11-28,"The decision was to maintain the current interest rate level, with no cuts implemented.",neutral,0.0,"{""hold"": 7}",The committee emphasized that future monetary policy decisions will depend on incoming economic data and the evolving inflation landscape.,Moderation in inflation in advanced economies; Resilience in the U.S. labor market,High uncertainty regarding global growth; Persistent core inflation in some sectors,"There was a consensus among members with no dissenting votes, indicating a unified view on the current economic conditions.","The decision to hold rates suggests stability in monetary policy, which may lead to a flatter yield curve and a stable exchange rate in the short term."
2024-09-26,2024-10-10,Hold,dovish,-0.5,"{""hold"": 6, ""cut_25"": 1}","The committee indicated that there is no predefined path for interest rates, emphasizing a data-dependent approach. Future decisions will be contingent on economic performance and inflation trends.",Global inflation is moderating.; Some sectors show slight recovery.,Weakness in the Mexican economy.; Rising unemployment and stagnant consumption.; High uncertainty in global economic outlook.,"One member dissented, advocating for a rate cut, citing the need for more aggressive action to stimulate the economy amidst stagnation.","The decision to hold rates suggests a cautious approach, likely leading to a flattening yield curve and potential depreciation of the peso as markets anticipate continued low rates."
2024-08-08,2024-08-22,Hold,dovish,-0.5,"{""hold"": 6, ""cut_25"": 1}","The committee indicated that future monetary policy decisions will depend on incoming data regarding inflation and economic activity, suggesting a cautious approach.","U.S. inflation is decreasing, suggesting a potential for easing monetary policy.; Some central banks are reducing rates, indicating a shift towards more accommodative stances.","Weak growth in Mexico and the U.S. raises concerns about future consumption.; Labor market indicators suggest a cooling economy, which could lead to lower demand.","One member dissented, advocating for a rate cut, highlighting concerns over economic growth and inflation dynamics.","The hold decision suggests stability in the yield curve, but ongoing economic weakness may lead to expectations of future rate cuts."
2024-06-27,2024-07-11,The policy rate remains unchanged.,dovish,-1.0,"{""hold"": 7}","The committee signals a cautious approach, emphasizing the need for continued monitoring of economic indicators before making any adjustments to the policy rate.",Continued restrictive monetary policy is necessary to achieve inflation targets.; Expectations of higher interest rates for a longer duration among emerging economies.,Signs of economic slowdown and mixed indicators suggest a need for caution.; Labor market cooling indicates potential for reduced consumer spending.,"There was a unanimous decision to hold the rate, but members expressed concerns about the economic outlook and inflation persistence, indicating a range of views on the pace of future adjustments.","The unchanged rate suggests stability in the near term, but market participants may anticipate potential volatility in response to external economic conditions and inflation data."
2024-05-09,2024-05-23,Hold,dovish,-0.5,"{""hold"": 6, ""cut_25"": 1}","The committee remains cautious about future rate cuts, indicating that any adjustments will depend on sustained progress in inflation reduction and economic stability.",Persistently high inflation in services; Global inflation expectations remain uncertain,Weak economic growth indicators; Moderation in the labor market; Expectation of gradual inflation decline,"One member dissented, advocating for a rate cut, highlighting the need for more aggressive action to stimulate growth amidst persistent inflationary pressures.","The decision to hold rates suggests stability in the near term, but markets may anticipate potential cuts later in the year if inflation continues to decline."
2024-03-21,2024-04-04,The policy rate remains unchanged.,neutral,0.0,"{""hold"": 7}","The committee maintains a cautious approach, indicating that any future adjustments will be gradual and data-dependent.",Resilience in U.S. economic activity.; Tight labor markets in major economies.,"Core inflation remains elevated, particularly in services.; Global economic growth is expected to be uneven.","There were no dissenting votes; however, members expressed varying concerns about the pace of inflation and external risks.","The unchanged rate suggests stability in monetary policy, which may lead to a flatter yield curve and a cautious approach in FX markets."
2024-02-08,2024-02-22,Hold,dovish,-1.0,"{""hold"": 7}",The committee is cautious and will wait for more confidence in the sustainability of inflation reduction before considering any rate cuts. The first potential cut is expected in Q2 2024.,"Resilience in the U.S. economy and labor market.; Recent uptick in inflation, particularly in advanced economies.","Significant slowdown in Mexican economic growth in Q4 2023.; Global inflation trends are decreasing, with expectations of convergence towards targets.","There were no dissenting votes; however, members expressed a range of views on the pace of economic recovery and inflation trends, highlighting the uncertainty in the global economic environment.","The decision to hold rates suggests stability in the near term, with expectations for potential rate cuts in the second quarter of 2024. This may lead to a flattening of the yield curve and a cautious approach in FX markets."
2023-12-14,2024-01-04,Hold,neutral,0.0,"{""hold"": 7}","The committee maintains a cautious approach, emphasizing data dependence for future decisions. They signal readiness to adjust policy as economic conditions evolve.",Strong economic growth in Mexico; Low unemployment rates; Resilience in the labor market,Core inflation remains above targets; Global economic risks; Potential moderation in labor market dynamism,"There were no dissenting votes; however, members expressed varying concerns about the pace of economic growth and inflation convergence.","The decision to hold rates suggests stability in the near term, with potential for future cuts depending on economic data. The yield curve may flatten as markets adjust to the neutral stance."
2023-11-09,2023-11-23,Hold,neutral,0.0,"{""hold"": 7}","The committee remains data-dependent, emphasizing the need to monitor economic indicators closely before making future policy decisions.",Resilience in the U.S. economy could support higher growth expectations.; Tight labor market conditions may lead to sustained wage pressures.,"General inflation is decreasing, suggesting less immediate pressure for rate hikes.; Moderation in growth and potential easing in labor market conditions indicate caution.","There was unanimous agreement on the decision to hold rates, indicating a lack of significant dissent or emerging coalitions among members.","The decision to hold rates suggests stability in the near term, with potential for cautious monitoring of economic indicators influencing future policy. This may lead to a flattening of the yield curve and stabilization in FX markets."
2023-09-28,2023-10-12,Hold,neutral,0.0,"{""hold"": 5}","The committee signals that rates will remain elevated for an extended period, with future decisions dependent on incoming economic data.",Concerns about persistent core inflation.; Risks of rising commodity prices affecting global inflation.,Recent data shows a potential slowdown in economic activity.; Expectations of a softer landing in the U.S. economy.,"There were no dissenting votes, but members expressed varying concerns about the pace of economic recovery and inflation dynamics.","The neutral stance suggests stability in interest rates for the near term, with potential impacts on the yield curve and currency stability as markets digest the implications of global economic conditions."
2023-08-10,2023-08-24,Hold,neutral,0.0,"{""hold"": 8}","The committee indicated that future monetary policy decisions will depend on incoming data, particularly regarding inflation trends.",Resilience in the US economy could support growth in Mexico.; Strong labor market contributing to domestic consumption.,Persistent core inflation suggests ongoing challenges.; Global economic slowdown risks affecting Mexico's growth.,"There were no dissenting votes; however, members expressed varying degrees of concern regarding inflation persistence and external risks.","The decision to hold rates signals stability, which may lead to a flattening of the yield curve and a cautious approach in FX markets."
2023-06-22,2023-07-06,Hold,neutral,0.0,"{""hold"": 7}","The committee signals that rates will remain elevated for an extended period, with future decisions dependent on inflation trends.",Continued elevated interest rates expected for a prolonged period.; Resilience in the U.S. economy improving growth forecasts for Latin America.,"Inflation is declining, indicating potential easing of monetary policy in the future.; Signs of deceleration in economic activity in the second quarter.","There were no dissenting votes, indicating a consensus on the current policy stance.","The neutral stance suggests stability in interest rates, which may lead to a flat yield curve and limited volatility in the FX market."
2023-05-18,2023-06-01,Hold,dovish,-0.5,"{""hold"": 7}","The committee signals a cautious approach, indicating that while inflation is decreasing, it remains above target, and future decisions will depend on incoming data.",Inflation pressures from the labor market; Strong wage growth,Declining headline inflation; Resilience in economic growth despite external risks,"There were no dissenting votes, but members expressed concerns about the persistence of core inflation and the potential for a recession in major economies.","The hold decision suggests stability in monetary policy, which may lead to a flattening of the yield curve and a stable peso in the near term."
2023-03-30,2023-04-13,Hold,neutral,0.0,"{""hold"": 6, ""cut_25"": 0}","The committee remains cautious about future monetary policy adjustments, emphasizing the need to monitor financial stability and inflation dynamics closely.",Persistent core inflation pressures; Strength in the labor market,Moderate growth outlook; Uncertainty in global economic recovery,"There were no dissents noted in the voting. However, members expressed concerns about the impact of external financial stability on domestic conditions.","The decision to hold rates suggests stability in the near term, with potential for cautious monitoring of inflation and external risks affecting future policy."
2023-02-09,2023-02-23,The policy rate remains unchanged.,neutral,0.0,"{""hold"": 5}","The central bank indicates that rates will remain elevated for an extended period, with future adjustments dependent on inflation trends and economic conditions.",Persistent inflationary pressures; Strengthening labor market; Global monetary tightening,Moderation in economic growth; Easing of some inflationary pressures; Expectations of slower inflation convergence,"There were no dissenting votes; however, members expressed concerns about the slow convergence of inflation and the potential for economic slowdown.","The neutral stance suggests stability in the yield curve, with potential for rate cuts later in the year if inflation trends improve."
2022-12-15,2023-01-05,"The decision was to maintain the current interest rate level, with no cuts or increases.",hawkish,1.0,"{""hold"": 7}","The committee indicated that interest rates are expected to remain high for an extended period to ensure inflation converges to target, potentially delaying this convergence until 2024.",Continued high interest rates to combat inflation.; Expectation of prolonged elevated rates to ensure inflation convergence.; Risks of a deeper global recession could lead to tighter monetary policies.,Recent decreases in headline inflation.; Signs of recovery in the labor market.; Moderation in commodity prices and supply chain pressures.,"There was a unanimous agreement on the decision, but concerns were raised about the potential for a significant global economic slowdown and its impact on domestic conditions.","The decision to hold rates suggests stability in the near term, but the hawkish tone may lead to a flattening of the yield curve and a stronger peso as markets anticipate continued high rates."
2022-11-10,2022-11-24,"The decision was to maintain the current interest rate level, with no cuts or increases.",neutral,0.0,"{""hold"": 5}","The committee expects to maintain elevated interest rates for an extended period, depending on economic data and inflation trends.","Persistent inflation pressures, particularly in core components.; Expectation of prolonged elevated interest rates.","Recent decline in headline inflation.; Signs of economic recovery in Mexico, albeit moderate.","There were no dissenting votes; however, members expressed varying degrees of concern regarding the pace of global economic recovery and inflation dynamics.","The neutral stance suggests stability in interest rates for the near term, which may lead to a flattening of the yield curve and a cautious approach in FX markets."
2022-09-29,2022-10-13,"The decision was to maintain the current interest rate level, indicating a cautious approach to monetary policy.",dovish,-0.5,"{""hold"": 5}","The committee indicated that future monetary policy decisions will depend on incoming economic data, particularly regarding inflation and growth.",Rising global interest rates; Persistent inflationary pressures; Tightening financial conditions,Deceleration in global economic activity; Incomplete recovery in the labor market; Downward adjustments to growth forecasts,"There were no dissenting votes; however, members expressed varying degrees of concern regarding the severity and duration of inflationary pressures.","The decision to hold rates suggests a cautious approach, likely leading to a flatter yield curve and potential depreciation of the peso amid global uncertainties."
2022-08-11,2022-08-25,"The decision was to maintain the current interest rate level, with no changes announced.",dovish,-1.0,"{""cut_25"": 0, ""hold"": 5}",The committee indicated that future monetary policy decisions will depend on the evolution of inflation and economic activity.,Continued high inflation levels globally.; Rising interest rates among many central banks.,Moderation in economic growth indicators.; Incomplete recovery in the labor market.,"There was a consensus among members with no dissenting votes, reflecting a unified view on the current economic conditions.","The decision to hold rates suggests stability in the near term, with potential for future adjustments depending on inflation and growth data, impacting yield curves and FX stability."
2022-06-23,2022-07-07,Hold,dovish,-1.0,"{""hold"": 5}","The committee signals a cautious approach, emphasizing the need to monitor inflation and economic conditions closely before making further adjustments to monetary policy.",Global central banks are increasing rates to moderate spending.; Inflation expectations are rising significantly.,Economic growth is expected to slow down.; Labor market recovery is incomplete.,"There was no dissent noted in the decision, but members expressed varying concerns about the potential for recession and the impact of global inflation on domestic conditions.","The hold decision suggests stability in the near term, but ongoing inflation concerns may lead to future rate hikes. The yield curve may flatten as markets adjust to the uncertain economic outlook."
2022-05-12,2022-05-26,Hold,dovish,-1.0,"{""hold"": 5}",The committee emphasizes the need to monitor inflation developments closely and is prepared to adjust monetary policy as necessary to ensure price stability.,Rising inflation expectations globally; Increased interest rates by major central banks,Incomplete recovery in economic activity; Continued high levels of uncertainty and risks,"There was a consensus on holding rates, but members expressed concerns about the potential for rising inflation and the need for vigilance regarding external risks.","The decision to hold rates suggests stability in the near term, but ongoing inflation concerns may lead to future tightening, impacting the yield curve and currency stability."
2022-03-24,2022-04-07,Hold,hawkish,1.0,"{""hold"": 5}","The committee signals a cautious approach to future monetary policy adjustments, emphasizing the need to monitor inflation and external risks closely before making any changes.",Rising inflation rates and expectations.; Tightening monetary policies in advanced economies.; Increased interest rates in emerging markets.,Gradual and incomplete economic recovery.; Ongoing uncertainties due to geopolitical tensions.,"There were no dissenting votes; however, members expressed concerns about the uneven recovery and the potential for prolonged inflationary pressures.","The hold decision suggests stability in monetary policy, which may lead to a flattening of the yield curve. The cautious stance may also support the peso against major currencies in the short term."
2022-02-10,2022-02-24,Hold,dovish,-1.5,"{""cut_25"": 0, ""hold"": 5}","The committee indicated that it will maintain a cautious approach to monetary policy, monitoring inflation and growth closely before making any adjustments.",Rising global inflation pressures; Tightening monetary policy in advanced economies,Weak economic growth outlook; High unemployment rates; Ongoing supply chain disruptions,"There was a consensus on holding rates, but some members expressed concerns about the potential for more persistent inflation and the need for a more aggressive response if inflation continues to rise.","The decision to hold rates suggests stability in the near term, but markets may anticipate future tightening if inflation pressures persist. The yield curve may flatten as investors adjust expectations."
2021-12-16,2022-01-06,Hold,hawkish,1.0,"{""hold"": 5}","The committee signals a cautious approach to future monetary policy adjustments, emphasizing the need to monitor inflation and economic recovery closely.",Rising inflation expectations in advanced economies.; The Federal Reserve's shift towards a more restrictive stance.; Concerns about inflation contaminating price formation in emerging markets.,The economic recovery in Mexico remains fragile and incomplete.; Continued uncertainty regarding the pandemic's impact on economic activity.; The need for careful monitoring of inflationary pressures before making policy adjustments.,"There were no dissenting votes, but members expressed varying degrees of concern regarding the fragility of the economic recovery and the potential for inflation to affect expectations.","The hold decision suggests stability in monetary policy, which may lead to a flattening of the yield curve and a cautious approach in FX markets as investors await clearer signals on future rate hikes."
2021-11-11,2021-11-25,Hold,dovish,-1.5,"{""hold"": 5}",The committee indicated that the current monetary policy stance will remain in place until there is clearer evidence of sustained economic recovery and inflation stabilization.,Concerns about inflation persistence; Global inflation pressures noted by other central banks,Economic contraction in Q3; Weak labor market indicators; Uncertainty surrounding recovery,"There was a consensus among members, with no dissenting votes noted; however, concerns about inflation and recovery dynamics were highlighted.","The hold decision suggests that the next meeting may see continued accommodative policies, impacting yield curves and potentially stabilizing the peso."
2021-09-30,2021-10-14,Hold,dovish,-1.0,"{""hold"": 5}","The committee emphasizes the need for a cautious approach to monetary policy, considering the uncertain inflation outlook and the ongoing recovery process.",Concerns about persistent inflation pressures; Potential for tighter financial conditions globally,Continued support for economic recovery; Expectation that inflation pressures may be transitory,"There were no dissenting votes; however, members expressed varying degrees of concern regarding inflation and the pace of recovery.","The decision to hold rates suggests stability in the near term, but markets may anticipate future adjustments depending on inflation trends and economic recovery signals."
2021-08-12,2021-08-26,Hold,dovish,-1.0,"{""hold"": 5}",The committee emphasizes the need for careful monitoring of inflationary pressures and the global economic recovery. They indicate that any adjustments to monetary policy will depend on the evolution of these factors.,Rising inflation expectations in the U.S.; Potential for the Federal Reserve to taper asset purchases.,Global economic recovery remains incomplete.; Labor market recovery is weak and uneven.; Inflationary pressures are considered transitory by some members.,"There were no dissenting votes, but members expressed varying degrees of concern about the persistence of inflationary pressures and the pace of economic recovery.","The dovish stance suggests that interest rates will remain low for an extended period, which may keep the yield curve flatter and support emerging market currencies."
2021-06-24,2021-07-08,Hold,dovish,-1.0,"{""hold"": 5}","The committee signals a cautious approach to future monetary policy adjustments, emphasizing the need for substantial economic recovery before any tightening.",Rising inflation expectations in the US; Potential for quicker normalization of US monetary policy,Incomplete recovery in the labor market; Global economic recovery remains heterogeneous; Persistent risks from supply chain disruptions,"There were no dissenting votes, but members expressed concerns about the potential for inflation to be more persistent than anticipated.","The dovish stance suggests that interest rates will remain low for the foreseeable future, which may keep the yield curve flat and support emerging market currencies."
2021-05-13,2021-05-27,Hold,dovish,-1.5,"{""hold"": 5}","The committee expects to maintain an accommodative monetary policy stance for the foreseeable future, monitoring inflation developments closely.",Increased inflation expectations in the U.S.; Potential for tighter monetary policy in advanced economies.,Expectation of continued accommodative monetary policy.; Concerns about the transitory nature of inflation.,"There were no dissenting votes, but members expressed varying concerns about inflation and the pace of recovery.","The decision to hold rates suggests stability in the near term, but ongoing monitoring of inflation could lead to adjustments in future meetings. The yield curve may flatten as markets adjust to the dovish stance."
2021-03-25,2021-04-08,The policy rate remains unchanged.,dovish,-1.5,"{""hold"": 5}","The committee emphasizes a prolonged accommodative monetary policy stance, indicating no immediate rate hikes are anticipated.",Increased inflation expectations in the US.; Rising commodity prices.,Slow recovery in the labor market.; Global economic activity recovering at a heterogeneous pace.,"There was a consensus with no dissenting votes; however, members expressed varying concerns about inflationary pressures and the pace of economic recovery.","The unchanged rate signals continued accommodative policy, likely leading to a flatter yield curve and potential depreciation of the peso as markets adjust to US fiscal policies."
2021-02-11,2021-02-25,Hold,dovish,-1.0,"{""hold"": 5}","The committee signals a prolonged accommodative stance, with no changes expected in interest rates for 2021 and 2022, while monitoring inflation and growth closely.",Improvement in global economic forecasts for 2021.; Increased appetite for risk among investors.,High uncertainty regarding the pandemic's evolution.; Weak labor market recovery and high unemployment rates.,"There were no dissenting votes; however, concerns about the pace of recovery and inflation expectations were noted.","The dovish stance suggests that interest rates will remain low, which may lead to a flatter yield curve and a weaker peso in the short term."
2020-12-17,2021-01-07,Hold,dovish,-1.0,"{""hold"": 5}","The committee indicates that monetary policy will remain accommodative for an extended period, with no immediate plans to raise rates.",Expectation of prolonged accommodative monetary policy; Potential for increased fiscal stimulus in advanced economies,Slow recovery in labor market; Downside risks to growth due to pandemic; Low inflation expectations,"There were no dissenting votes; however, members expressed varying degrees of concern regarding the pace of recovery and external risks.","The dovish stance suggests that interest rates will remain low for the foreseeable future, which may keep the yield curve flat and support emerging market currencies."
2020-11-12,2020-11-26,Hold,dovish,-1.5,"{""hold"": 5, ""cut_25"": 0}","The committee signals a cautious approach, emphasizing the need for continued support until inflation expectations stabilize. Future decisions will depend on economic recovery and inflation trends.",None identified.,Continued economic uncertainty due to COVID-19.; Inflation remains below targets in advanced economies.; Labor market recovery is slow and uneven.,"There were no dissenting votes, but concerns were raised about the potential for prolonged economic distress and the adequacy of fiscal stimulus.","The decision to hold rates suggests a stable outlook for the next meeting, with expectations of continued low yields and a cautious approach to monetary policy."
2020-09-24,2020-10-08,Hold,dovish,-1.2,"{""hold"": 5, ""cut_25"": 2}",The committee signals a commitment to maintaining accommodative monetary policy until inflation moderately exceeds the target. Future decisions will depend on the trajectory of economic recovery and inflation.,Improvement in global economic activity; Increased private consumption; Recovery in industrial production,Persistent low inflation; Weak labor market recovery; Risks associated with the pandemic and geopolitical tensions,"There were differing views on the pace of recovery and the potential need for further stimulus, with some members expressing concerns about the sustainability of the recovery.","The decision to hold rates suggests stability in the near term, which may lead to a flatter yield curve and a weaker peso as markets anticipate continued accommodative policy."
2020-08-13,2020-08-27,Hold,dovish,-1.5,"{""hold"": 5, ""cut_25"": 0}","The committee remains committed to maintaining accommodative monetary policy for as long as necessary, with a focus on supporting economic recovery.",No immediate plans for rate hikes; Commitment to accommodative policy,Significant economic contraction expected; High uncertainty in recovery forecasts; Weak labor market conditions,"There were no dissenting votes, but members expressed concerns about the potential for a slower recovery and the impact of external risks.","The hold decision suggests stability in monetary policy, which may lead to a flattening of the yield curve and a stable FX environment in the short term."
2020-06-25,2020-07-09,The decision was to maintain the current interest rate level.,dovish,-1.5,"{""hold"": 5}",The committee emphasizes that the economic outlook remains highly uncertain and will depend on the evolution of the pandemic and the effectiveness of policy measures.,None identified in this meeting.,Significant contraction in economic activity expected.; High uncertainty surrounding recovery prospects.; Inflation rates below targets.,"There were no dissenting votes; however, members expressed varying degrees of concern regarding the pace of recovery and external risks.","The dovish stance suggests that interest rates will remain low for an extended period, which may lead to a flattening of the yield curve and potential depreciation of the peso."
2020-05-14,2020-05-28,Hold,dovish,-1.5,"{""hold"": 5, ""cut_25"": 2}",The committee emphasized that future monetary policy decisions will depend on the evolving economic situation and the effectiveness of fiscal measures.,None noted in the current context.,Significant downward revisions to growth forecasts.; Concerns about rising unemployment and its impact on consumption.; Inflation expectations are below target.,"There was a split in views regarding the necessity of a rate cut, with some members advocating for immediate action to support the economy.","The decision to hold rates suggests stability in the near term, but ongoing economic challenges may lead to future cuts, impacting the yield curve and currency stability."
2020-04-21,2020-05-05,"The decision was to maintain the current interest rate level, reflecting a dovish stance in light of the economic impact of the COVID-19 pandemic.",dovish,-1.5,"{""cut_25"": 0, ""hold"": 7}",The committee emphasizes the need for continued monitoring of the economic situation and signals that further policy adjustments may be necessary depending on the evolution of the pandemic and its economic effects.,,Significant contraction in economic activity expected.; Inflation pressures are contained and expected to decrease.; Severe job losses and deterioration in the labor market.,"There was unanimous agreement on the need to maintain the current rate, reflecting a shared concern about the economic outlook and the unprecedented nature of the pandemic's impact.","The dovish stance suggests that the next meeting may see continued low rates, with potential for further easing if economic conditions do not improve. This could lead to a flatter yield curve and a weaker peso."
2020-03-20,2020-04-03,"The decision was to maintain the current interest rate level, with no cuts made.",dovish,-1.5,"{""cut_25"": 0, ""hold"": 7}","The committee indicated that future monetary policy decisions will depend on the evolving economic conditions, particularly the duration and severity of the pandemic's impact.",,Significant deterioration in economic outlook due to COVID-19.; Expectation of a contraction in economic activity.; Inflation risks skewed to the downside due to lower commodity prices.,"There was unanimous agreement on the need to maintain the current rate, reflecting a consensus on the severity of the economic situation and the need for coordinated fiscal and monetary policies.","The decision to hold rates suggests a cautious approach, likely leading to a flatter yield curve and potential depreciation of the peso as markets react to ongoing uncertainties."
2020-02-13,2020-02-27,hold,dovish,-1.5,"{""hold"": 5}","The committee signals a cautious approach, indicating that any future monetary policy adjustments will depend on the evolution of economic conditions and external risks.","Global financial conditions have relaxed, potentially supporting investment.; Some risks for the global economy have moderated recently.",Weak domestic investment and economic stagnation.; Concerns about the impact of the coronavirus on global supply chains.,"There were no dissents noted; however, members expressed concerns about the potential impact of external uncertainties on the domestic economy.","The hold decision suggests that markets should expect continued low interest rates, with potential for further easing if economic conditions worsen. The yield curve may flatten as investors anticipate prolonged accommodative policy."
2019-12-19,2020-01-02,hold,dovish,-1.0,"{""hold"": 5, ""cut_25"": 2}","The committee signals a cautious approach, indicating that any future adjustments will depend on the evolution of economic indicators and external conditions.",Improvement in some global economic indicators.; Recent stabilization in financial markets.,Weak growth outlook for Mexico.; Low inflation levels in advanced economies.; Weak labor market performance.,"There was a split in views regarding the need for a rate cut, with some members advocating for a more aggressive easing stance due to persistent economic weakness.","The decision to hold rates suggests stability in the near term, but ongoing economic weakness may lead to future cuts, impacting the yield curve and currency stability."
2019-11-14,2019-11-28,Hold,dovish,-1.5,"{""cut_25"": 0, ""hold"": 7}",The committee emphasizes the need for continued monitoring of global economic developments and is prepared to adjust policy as necessary to support economic stability.,,Global inflationary pressures have diminished.; Economic growth in Mexico has been stagnant.; External risks from trade tensions remain high.,"There was unanimous agreement on holding the rate, reflecting a consensus on the need to monitor external risks and economic conditions closely.","The decision to hold rates suggests a cautious approach, likely leading to a stable yield curve and potential depreciation of the peso as markets adjust to ongoing global uncertainties."
2019-09-26,2019-10-10,Hold,dovish,-1.5,"{""hold"": 5}","The committee indicates a cautious approach, emphasizing the need for vigilance regarding inflation expectations and global economic conditions.",Increased willingness to reach a trade agreement between the US and China.; Recent improvements in business confidence.,Weak global growth outlook.; Low inflation pressures across advanced economies.; Continued decline in investment and consumption.,"There was a consensus among members, with no dissenting votes noted. However, concerns were raised about the effectiveness of monetary policy in the current environment.","The decision to hold rates suggests a cautious approach, likely leading to a flatter yield curve and potential depreciation of the peso as markets adjust to ongoing global uncertainties."
2019-08-15,2019-08-29,Hold,dovish,-1.2,"{""hold"": 5, ""cut_25"": 2}","The committee indicates a readiness to adjust monetary policy in response to evolving economic conditions, particularly if inflation remains low and growth continues to decelerate.",Some members noted the potential for future rate cuts if economic conditions worsen.; The Fed's recent actions indicate a shift towards more accommodative monetary policy.,"Global inflation remains below targets, suggesting no immediate need for rate hikes.; Weakness in economic indicators suggests a prolonged period of low growth.","There were differing views on the urgency of monetary easing, with some members advocating for a more aggressive approach to stimulate growth.",Expectations for future rate cuts may lead to a flattening of the yield curve and potential depreciation of the peso as markets react to the dovish stance.
2019-06-27,2019-07-11,Hold,dovish,-1.0,"{""hold"": 5}","The committee signals a cautious approach, emphasizing the need for monitoring global economic developments and inflation trends before making any policy adjustments.",Stable employment levels in advanced economies; Recent improvements in financial conditions for emerging markets,Downward revisions in growth forecasts; Weakness in global trade and investment; Low inflation expectations,"There were no dissenting votes; however, members expressed varying degrees of concern regarding the potential for a more pronounced economic slowdown.","The hold decision suggests stability in monetary policy, which may lead to a flattening of the yield curve and a cautious approach in FX markets as investors await further signals."
2019-05-16,2019-05-30,Hold,dovish,-1.5,"{""hold"": 5}","The committee emphasized a cautious approach, indicating that future decisions will depend on incoming economic data and global developments.",Moderate recovery in some economies; Strength in labor markets in advanced economies,Downward revisions to growth expectations; Moderate inflation pressures; Escalating trade tensions,"There was a consensus among members, with no dissenting votes noted. However, concerns were raised about the potential for a more pronounced economic slowdown.","The hold decision suggests stability in monetary policy, which may lead to a flattening of the yield curve and a cautious stance in FX markets."
2019-03-28,2019-04-11,Hold,dovish,-1.5,"{""hold"": 5}","The committee emphasized a cautious approach moving forward, indicating that monetary conditions are unlikely to tighten in the near future given the current economic outlook.",None noted.,Diminished inflation pressures globally.; Lower growth expectations for advanced and emerging economies.; Continued downside risks from trade tensions.,There were no dissenting votes; all members agreed on the current assessment and decision.,"The hold decision suggests stability in monetary policy, which may lead to a flatter yield curve and a weaker peso as markets adjust to the dovish outlook."
2019-02-07,2019-02-21,hold,dovish,-1.5,"{""hold"": 5}","The committee indicated a cautious approach moving forward, with no immediate plans for rate adjustments but remaining vigilant to changing economic conditions.",Moderation in inflation allows for a cautious stance.; Improvement in labor market conditions noted.,Downward revisions to global growth forecasts.; Persistent trade tensions pose risks to economic stability.,There were no dissents; all members agreed on the cautious stance due to external risks.,"Expectations for the next meeting suggest a continued hold on rates, with potential for lower yields and a stable FX environment as markets digest the cautious outlook."
2018-12-20,2019-01-03,Hold,dovish,-1.5,"{""hold"": 5}","The committee indicated a cautious approach to future monetary policy adjustments, emphasizing the need to monitor global economic conditions closely.",Moderation in US economic activity reflects a pro-cyclical fiscal stance.; Recent increases in wages in some labor markets.,Global economic growth is expected to expand at a more moderate pace.; Inflation pressures have diminished significantly across advanced economies.,There were no dissents noted; all members agreed on the current assessment and decision.,"The decision to hold rates may lead to a stable yield curve in the short term, with potential for further easing if global conditions worsen. FX markets may react cautiously to ongoing trade tensions."
2018-11-15,2018-11-29,The decision was to maintain the current interest rate level.,neutral,0.0,"{""hold"": 5, ""cut_25"": 0}",The committee emphasized a careful monitoring of economic indicators and expressed readiness to adjust policy as necessary based on evolving conditions.,None identified in the current context.,Mixed inflation expectations suggest caution.; Global economic risks could warrant a more accommodative stance.,"There was unanimous agreement on the decision to hold rates, indicating a consensus on the current economic outlook.","The decision to hold rates is likely to maintain current yield levels, with no immediate changes expected in the FX market."
2018-10-04,2018-10-18,Hold,dovish,-0.5,"{""hold"": 7}","The committee signals a cautious approach to future policy adjustments, emphasizing the need to monitor inflation and growth developments closely.",Concerns about rising inflation expectations.; Tightening labor markets in advanced economies.,Deteriorating growth outlook due to trade tensions.; Low wage growth despite tight labor markets.,"There were no dissenting votes; however, members expressed varying degrees of concern regarding inflation and external risks.","The hold decision suggests stability in monetary policy, likely leading to a flat yield curve and limited volatility in the FX market."
2018-08-02,2018-08-16,Hold,dovish,-1.0,"{""hold"": 7}",The committee remains cautious about the potential impact of external risks on the Mexican economy and will continue to monitor these developments closely.,Strong growth in the U.S. economy; Tight labor market leading to wage pressures,Increasing risks from trade tensions; Divergence in growth among advanced economies; Global inflation showing mixed signals,"There was a consensus among members, with no dissenting votes noted. However, concerns about external risks and their potential impact on the Mexican economy were prevalent.","The decision to hold rates suggests stability in the near term, but ongoing trade tensions may lead to volatility in the FX market and impact the yield curve."
2018-06-21,2018-07-05,Hold,dovish,-0.5,"{""hold"": 8}","The committee remains cautious about the potential for inflation surprises and the pace of US monetary policy normalization, indicating a careful approach moving forward.",Strengthening labor market in the US; Rising inflation expectations in the US,Increased uncertainties and downside risks to global growth; Divergence in inflation trends among advanced economies,"There were no dissenting votes, but members expressed concerns about the potential for faster-than-expected normalization of US monetary policy and its implications.","The hold decision suggests stability in monetary policy, which may lead to a flatter yield curve and a cautious approach in FX markets as investors assess global risks."
2018-05-17,2018-05-31,Hold,neutral,0.0,"{""hold"": 7}","The committee remains vigilant regarding inflation and economic growth, indicating a cautious approach to future policy adjustments.",Strengthening global economic growth; Gradual increases in inflation expectations,Signs of slowdown in advanced economies; Potential risks from trade protectionism,"There was a consensus among members, with no dissenting opinions noted during this meeting.","The neutral stance suggests stability in interest rates, which may lead to a flattening of the yield curve and a stable exchange rate in the near term."
2018-04-12,2018-04-26,Hold,neutral,0.0,"{""hold"": 5}","The committee remains cautious about future adjustments to monetary policy, emphasizing a data-dependent approach to any changes.",Gradual increase in inflation expectations; Strengthening labor market indicators,Moderation in growth indicators; Risks from trade tensions and geopolitical events,There were no dissenting votes; all members agreed on the current policy stance.,"The neutral stance suggests stability in interest rates, which may keep the yield curve relatively flat and maintain current FX levels."
2018-02-08,2018-02-22,Hold,neutral,0.0,"{""hold"": 5}","The committee will closely monitor economic indicators for future policy adjustments, emphasizing a cautious approach to any changes.",Improving global economic conditions; Strengthening labor market indicators,Inflation still below target; Geopolitical and trade uncertainties,There were no dissenting votes; all members agreed on the decision to hold rates steady.,"The decision to hold rates suggests stability in the near term, with potential for gradual adjustments depending on economic data."
2017-12-14,2017-12-28,Hold,neutral,0.0,"{""hold"": 6}","The committee anticipates a gradual normalization of monetary policy, contingent on economic conditions and inflation trends.",Gradual normalization of monetary policy expected.; Improving labor market conditions.,Inflation remains below target.; Global economic risks persist.,No dissent was noted; the committee presented a unified view on the current economic outlook.,"The decision to hold rates suggests stability in the yield curve, with potential for gradual increases in the future depending on economic data."
2017-11-09,2017-11-23,Hold,neutral,0.0,"{""hold"": 5}","The committee indicated a gradual approach to monetary policy normalization, monitoring inflation closely.",Strengthening labor market in the U.S.; Increased investment in advanced economies.,Low inflation rates in advanced economies.; Weak inflation expectations.,There were no dissents noted; all members agreed on the current policy stance.,"The neutral stance suggests stability in monetary policy, likely leading to a flat yield curve and limited volatility in FX markets."
2017-09-28,2017-10-12,hold,dovish,-1.0,"{""hold"": 5}","The committee signals a cautious approach, indicating that monetary policy will remain accommodative for an extended period.",Strengthening labor market in the U.S.; Moderate recovery in global economic activity.,Inflation below target levels.; Risks from geopolitical uncertainties and U.S. policy.; Modest wage growth despite low unemployment.,"There were no dissents noted in this meeting, indicating a unified stance among the committee members.","The decision to hold rates suggests stability in the monetary policy outlook, which may lead to a flattening of the yield curve and a stable exchange rate."
2017-08-10,2017-08-24,hold,neutral,0.0,"{""cut_25"": 0, ""hold"": 6}",The committee anticipates that accommodative monetary conditions will continue to support labor market improvements and eventual increases in wages and prices.,Strong consumer spending in the U.S.; Positive job creation figures.,Low inflation rates globally.; Moderate wage growth.,There were no dissents noted in the decision to hold rates steady.,"The neutral stance suggests stability in the yield curve, with no immediate changes expected in monetary policy, potentially leading to a stable FX environment."
2017-06-22,2017-07-06,hold,neutral,0.0,"{""hold"": 6}","The central bank maintains a cautious approach, monitoring inflation and economic conditions closely before making any adjustments to policy.",Strengthening US labor market; Gradual recovery in global economic activity,Moderation of inflationary pressures; Downward revisions in growth projections,"There were no dissents noted in this meeting, indicating a consensus on the current policy stance.","The decision to hold rates suggests stability in the near term, which may lead to a flattening of the yield curve and a stable FX environment."
2017-05-18,2017-06-01,Hold,dovish,-1.0,"{""hold"": 5}","The committee remains vigilant about inflation trends and external risks, indicating a cautious approach to future policy adjustments.",Strengthening U.S. labor market; Slight increase in core inflation,Moderate global growth; Significant external uncertainties; Low inflation in major economies,"There were no dissenting votes; however, concerns were raised about the potential impact of external risks on domestic economic conditions.","The decision to hold rates suggests stability in the near term, likely leading to a flatter yield curve and a cautious approach in FX markets."
2017-03-30,2017-04-12,Hold,neutral,0.0,"{""cut_25"": 0, ""hold"": 5}","The committee remains cautious about future monetary policy adjustments, indicating that any changes will depend on evolving economic conditions.",Rising inflation expectations in advanced economies.; Improvement in global economic activity indicators.,Moderate recovery in emerging markets.; Continued uncertainty regarding US economic policies.,There were no dissents noted; all members agreed on the current policy stance.,"The neutral stance suggests stability in the yield curve and a cautious approach in FX markets, with no immediate changes expected in the near term."
2017-02-09,2017-02-23,hold,dovish,-1.0,"{""hold"": 6}","The committee remains cautious about future monetary policy adjustments, closely monitoring external conditions and inflation developments.",Improving growth outlook in advanced economies; Rising inflation expectations,High uncertainty in global markets; Moderate wage growth limiting inflation pressures,There were no dissenting votes; all members agreed on the cautious stance given the external uncertainties.,"The decision to hold rates suggests stability in the near term, with potential for gradual adjustments depending on U.S. policy developments."
2016-12-15,2016-12-29,hold,dovish,-1.0,"{""cut_25"": 0, ""hold"": 6}","The committee indicated that future monetary policy will remain accommodative, with a gradual approach to any potential rate increases, depending on economic developments.",Rising inflation expectations globally; Improvement in U.S. labor market,Downside risks to global growth; Moderate wage growth despite low unemployment,"There was unanimous agreement on the decision to hold rates, reflecting a consensus on the need for caution given external uncertainties.","The decision to hold rates suggests stability in the near term, but markets may anticipate future rate increases depending on U.S. fiscal developments and inflation trends."
2016-11-17,2016-12-01,Hold,dovish,-1.0,"{""hold"": 7}","The committee anticipates a gradual normalization of monetary policy, but recent developments suggest a potentially faster pace than previously expected.",Increased inflation expectations due to U.S. fiscal policy prospects.; Improving U.S. labor market conditions.,Deterioration of global growth outlook.; Increased external risks from U.S. policy uncertainty.,There were no dissents noted; all members agreed on the current policy stance.,"The decision to hold rates suggests stability in the near term, but markets may react to the potential for a quicker normalization of rates in response to U.S. fiscal policy changes."
2016-09-29,2016-10-13,hold,dovish,-1.0,"{""hold"": 5}","The committee indicates that the conditions for a potential increase in the reference rate have strengthened, but they will await more evidence of progress towards their objectives before making a decision.",Strengthened conditions for a potential rate increase.; Balanced risks for economic prospects.,Low inflation expectations persist.; Global growth is moderating.; External risks remain significant.,"There were no dissenting votes; however, the committee remains cautious about the economic outlook and external risks.","The decision to hold rates suggests stability in the near term, with potential for gradual adjustments depending on economic indicators. This may lead to a flatter yield curve and stable FX rates."
2016-08-11,2016-08-25,Hold,dovish,-1.5,"{""hold"": 6}","The committee signals a cautious approach, emphasizing the need for continued monitoring of global economic conditions and inflation expectations before making any adjustments to policy.",Improvement in U.S. labor market indicators.; Slight recovery in industrial production.,Weak global growth outlook.; Low inflation expectations in advanced economies.; Risks from geopolitical events and emerging markets.,"There was a unanimous agreement to hold the rate, reflecting a consensus on the cautious outlook amidst global uncertainties.","The decision to hold rates suggests stability in monetary policy, likely leading to a flatter yield curve and a cautious approach in FX markets."
2016-06-30,2016-07-14,Hold,dovish,-1.5,"{""hold"": 6}","The central bank is prepared to adjust its policy in response to evolving economic conditions, particularly regarding inflation and growth.",None identified.,Weak global growth outlook; Low inflation levels; Increased geopolitical risks,No dissent was noted; all members agreed on the need to maintain the current policy stance.,"Expectations for future rate hikes are likely to be tempered, leading to a flatter yield curve and potential depreciation of the peso."
2016-05-05,2016-05-19,hold,dovish,-1.0,"{""hold"": 5}","The committee will continue to monitor the international environment closely, indicating a cautious approach to future policy adjustments.",Improvement in the U.S. labor market.; Stabilization of financial markets.,Downward revisions to global growth forecasts.; Persistently low inflation expectations.,There were no dissents noted; the committee presented a unified view on the current economic outlook.,"The decision to hold rates suggests a cautious approach, likely leading to a flatter yield curve and potential stability in the FX market."
2016-03-18,2016-04-01,Hold,dovish,-1.0,"{""hold"": 5}",The committee remains cautious about the inflation outlook and will closely monitor global economic developments. Future policy adjustments will depend on evolving economic conditions.,Improvement in the U.S. labor market; Recent stabilization in manufacturing output,Weak global growth outlook; Low inflation and subdued inflation expectations; Increased external risks from emerging markets,"There were no dissenting votes; however, there is a growing concern about the divergence in monetary policy among major economies.","The decision to hold rates suggests a cautious approach, likely leading to a flattening of the yield curve and potential depreciation of the peso as markets anticipate a prolonged period of low rates."
2016-02-04,2016-02-18,hold,dovish,-1.5,"{""cut_25"": 0, ""hold"": 6}",The committee remains cautious about the inflation outlook and signals that any future adjustments will depend on economic conditions.,Improvement in the US labor market.; Gradual increase in inflation expectations.,Weakening global growth outlook.; Low inflation persistence in advanced economies.; Emerging market vulnerabilities.,"There were no dissents noted in this meeting, indicating a unified stance among committee members.","The decision to hold rates suggests continued caution, likely leading to a flatter yield curve and potential depreciation of the peso as markets adjust to global conditions."
2015-12-17,2015-12-31,Hold,dovish,-1.0,"{""hold"": 6}",The committee emphasizes monitoring economic conditions closely before making future adjustments to policy.,US interest rate hikes may lead to tighter financial conditions globally.; Improvement in the US labor market could prompt future rate increases.,Weak global growth and low inflation suggest a cautious approach to policy adjustments.; Emerging market vulnerabilities could pose risks to economic stability.,"There was a unanimous agreement to hold rates, reflecting a consensus on the need for caution given external economic pressures.","The decision to hold rates may lead to a stable yield curve in the short term, while the dollar could strengthen against other currencies due to ongoing US economic recovery."
2015-10-29,2015-11-12,Hold,dovish,-1.5,"{""hold"": 6}",The committee will continue to monitor external developments closely and adjust policy as necessary based on economic conditions.,,Weak global economic growth outlook.; Low inflation and downward revisions to inflation expectations.; Continued uncertainty regarding U.S. monetary policy.,There were no dissents noted in this meeting; all members agreed on the decision to hold rates steady.,"The decision to hold rates suggests stability in monetary policy, which may lead to a flatter yield curve and a cautious approach in FX markets."
2015-09-21,2015-10-05,Hold,dovish,-1.0,"{""hold"": 6}","The committee indicated that the normalization of monetary policy will be gradual and dependent on economic activity, labor market conditions, and inflation trends.",Moderate growth in the U.S. economy; Improvement in labor market conditions,Weak global economic recovery; Subdued inflation expectations; Increased external risks,"There were no dissents noted in this meeting, indicating a consensus on the current policy stance.","The decision to hold rates suggests continued uncertainty in the markets, likely leading to a flatter yield curve and potential volatility in FX markets as investors assess the implications of U.S. monetary policy."
2015-07-30,2015-08-13,The decision to maintain the current interest rate level.,dovish,-1.0,"{""hold"": 6}","The committee signaled that they will continue to monitor economic conditions closely, with a focus on inflation and growth indicators before making any changes to the policy.",Improvement in the US labor market; Gradual recovery in advanced economies,Stagnation in global industrial activity; Low inflation expectations; Weakening growth in emerging markets,"There were no dissenting votes, indicating a consensus on maintaining the current policy stance.","The decision to hold rates suggests that the next meeting may also result in no changes, with potential for gradual adjustments depending on economic data."
2015-06-04,2015-06-18,Hold,dovish,-1.0,"{""hold"": 6}","The committee emphasizes that future policy adjustments will depend on economic activity, labor market conditions, and inflation developments.",Improvement in U.S. labor market indicators.; Gradual recovery in private consumption.,Weak growth outlook in emerging markets.; Low inflation and subdued expectations.; Continued contraction in investment due to low oil prices.,"There were no dissenting votes; however, concerns about the impact of external factors on domestic growth were noted.","The decision to hold rates suggests stability in the near term, potentially leading to a flatter yield curve and a cautious approach in FX markets."
2015-04-30,2015-05-14,Hold,dovish,-1.0,"{""hold"": 5}","The committee indicated that future monetary policy decisions will depend on economic activity, labor market conditions, and inflation trends.",None identified.,Weak global economic activity and low inflation levels.; Moderation in U.S. labor market recovery.; Expectations of continued accommodative monetary policy.,"There were no dissents noted in this meeting, indicating a unified view among committee members.","The hold decision suggests that the next meeting may maintain a similar stance, with potential implications for a flatter yield curve and stable FX rates."
2015-03-26,2015-04-09,hold,dovish,-1.0,"{""hold"": 5}","The committee maintains a cautious approach, indicating that future monetary policy will depend on economic performance and inflation trends.",U.S. economic recovery continues; Potential for future rate hikes by the Federal Reserve,Weak global economic activity; Low inflation expectations; Risks of deflation in the Eurozone,"There were no dissenting votes; however, concerns were raised regarding the impact of external economic conditions on domestic growth.","The decision to hold rates suggests stability in the near term, likely leading to a flatter yield curve and potential depreciation of the peso against the dollar."
2015-01-29,2015-02-12,Hold,dovish,-1.0,"{""hold"": 5}","The committee signals a cautious approach to future rate adjustments, dependent on economic conditions and inflation trends.",Improvement in the US labor market.; Solid economic recovery in the US.,Decreasing inflation rates below targets.; Weak growth in the eurozone and Japan.; Volatility in emerging markets due to commodity price drops.,"No dissent was noted; however, there is a consensus on the need for caution given the current economic environment.",Expectations of prolonged low rates may lead to a flattening of the yield curve and a weaker peso against the dollar.
2014-12-05,2014-12-19,Hold,dovish,-1.0,"{""hold"": 5}","The committee signals a cautious approach, indicating that future policy adjustments will depend on the evolution of economic conditions.",U.S. economic recovery; Improvement in labor market indicators,Low inflation expectations; Weakness in Eurozone and Japan; Global economic uncertainty,"There were no dissenting votes; however, concerns about inflation and external risks were discussed.","The decision to hold rates suggests stability in the near term, likely leading to a flatter yield curve and a cautious approach in FX markets."
2014-10-31,2014-11-14,Hold,dovish,-1.0,"{""hold"": 7}","The committee indicates that the first increase in the policy rate is not expected until August 2015, aligning with market consensus.",Improvement in the US labor market.; Gradual recovery in economic activity.,Decreased inflation expectations.; Concerns about the sustainability of investment recovery.,"There were no dissenting votes, indicating a unified stance among committee members.","The hold decision suggests stability in the yield curve, with expectations for a gradual normalization of monetary policy in the future."
2014-09-05,2014-09-19,Hold,neutral,0.0,"{""hold"": 6}","The committee indicated a cautious approach, signaling that future policy adjustments would depend on ongoing economic data.",Improvement in the US labor market; Stable inflation expectations,Low inflation in the Eurozone; Geopolitical tensions affecting growth,No dissent was noted; the committee presented a unified view on maintaining the current policy stance.,"The neutral stance suggests stability in monetary policy, which may keep yields steady and provide a cautious outlook for the peso."
2014-07-11,2014-07-25,Hold,dovish,-1.0,"{""cut_25"": 0, ""hold"": 5}","The committee indicated that they would maintain the current policy stance for the foreseeable future, contingent on economic developments.",Improvement in US labor market conditions; Signs of recovery in global economic activity,Weakness in emerging market economies; Low inflation levels in the Eurozone; Continued low volatility in financial markets,"There were no dissents noted during this meeting, indicating a consensus on the current policy direction.","The decision to hold rates suggests stability in the near term, which may keep the yield curve relatively flat and maintain current FX levels."
2014-06-06,2014-06-20,The monetary policy rate remains unchanged.,dovish,-1.0,"{""hold"": 5}","The central bank indicates a cautious approach to future rate adjustments, emphasizing that any changes will depend on economic conditions.",Improvement in U.S. economic indicators.; Positive trends in manufacturing output.,Continued low inflation expectations.; Significant slack in the labor market.,"There were no dissents noted, indicating a consensus on the current policy stance.","The unchanged rate suggests stability in the monetary policy outlook, likely leading to a flatter yield curve and continued capital flows into emerging markets."
2014-04-25,2014-05-09,hold,dovish,-1.0,"{""cut_25"": 0, ""hold"": 6}","The monetary policy stance is expected to remain accommodative for an extended period, with decisions dependent on labor market and inflation indicators.",No immediate rate cuts anticipated.; Focus on gradual normalization of U.S. monetary policy.,Low inflation levels persist.; Weak growth forecasts for emerging economies.,"There was unanimous agreement on holding rates, reflecting a consensus on the need for caution given external risks.",Expectations for continued low rates may lead to a flatter yield curve and a weaker peso against the dollar.
2014-03-21,2014-04-04,Hold,neutral,0.0,"{""hold"": 5}","The committee indicated a continuation of the sequential normalization of monetary policy, with careful monitoring of economic indicators before making further adjustments.",Improvement in the labor market; Gradual recovery in advanced economies,Low inflation levels; Weak domestic demand in emerging markets,No dissent was noted; the committee appeared unified in their assessment and decision.,"The hold decision suggests stability in monetary policy, which may lead to a flattening of the yield curve and a stable exchange rate in the short term."
2014-01-31,2014-02-14,Hold,neutral,0.0,"{""hold"": 5}","The committee signals a cautious approach, maintaining a low interest rate for an extended period, especially if inflation remains below target.",Improvement in US economic growth; Decreasing unemployment rate,Low inflation expectations; Volatility in emerging markets,"There were no dissenting votes; however, concerns about external risks were noted.","The decision to hold rates suggests stability in the near term, with potential for gradual adjustments depending on economic conditions."
2013-12-06,2013-12-20,Hold,dovish,-1.0,"{""hold"": 5}","The monetary policy is expected to remain accommodative in the coming months, with no immediate changes anticipated unless inflation targets are threatened.",Stronger private demand in the U.S.; Improvement in U.S. employment figures.,Low inflation expectations in the Eurozone.; Weak labor market participation rates.,"There were no dissents noted, indicating a consensus on the current policy stance.","The hold decision suggests stability in monetary policy, likely leading to a flatter yield curve and a stable exchange rate in the near term."
2013-10-25,2013-11-08,Hold,dovish,-1.0,"{""hold"": 6}","The committee signals a cautious approach, indicating that future policy adjustments will depend on clearer evidence of economic improvement.",Stable interest rates in response to external uncertainties.; Cautious optimism about future economic conditions.,Weakening U.S. economic growth affecting investment.; Low inflation expectations due to declining commodity prices.,There were no dissents noted; all members agreed on the current stance.,"The decision to hold rates suggests stability in the near term, likely leading to a flatter yield curve and a stable peso."
2013-09-06,2013-09-20,hold,dovish,-1.0,"{""hold"": 10}","The committee signals a cautious approach, maintaining current policy while monitoring economic developments closely.",Improvement in the US labor market.; Increased consumer confidence.,Weak growth in emerging markets.; Low inflation expectations.,There were no dissenting votes; all members agreed on the current policy stance.,"The decision to hold rates suggests stability in the near term, likely leading to a flatter yield curve and a stable FX environment."
2013-07-12,2013-07-26,The policy rate remains unchanged.,neutral,0.0,"{""hold"": 5}","The committee signals a cautious approach, monitoring economic indicators closely before making any adjustments to the policy rate.",Improvement in the US labor market.; Slight increase in consumer confidence.,Global economic slowdown.; Low inflation rates across economies.,There were no dissenting votes; all members agreed on the current policy stance.,"The unchanged rate suggests stability in the monetary policy, likely leading to a flat yield curve and limited volatility in FX markets."
2013-06-07,2013-06-21,Hold,dovish,-1.0,"{""hold"": 5}","The committee signals a cautious approach to future policy adjustments, contingent on sustained economic recovery and inflation trends.",Stability in long-term inflation expectations; Improvement in US labor market indicators,Weak global economic activity; Subdued inflation pressures; Continued recession in the Eurozone,"No dissent was noted; however, there is a consensus on the need for careful monitoring of economic indicators before making policy adjustments.","The hold decision suggests stability in monetary policy, which may lead to a flattening of the yield curve and a stable exchange rate in the short term."
2013-04-26,2013-05-10,The decision was to maintain the current interest rate level.,dovish,-1.5,"{""hold"": 6}","The central bank will continue to monitor economic indicators closely, signaling a readiness to adjust policy if necessary based on economic conditions.",Improvement in US industrial production.; Strong performance in the housing market.,Weak job creation numbers.; Low inflation rates and expectations.; Global economic uncertainty.,"There were no dissenting votes; however, some members expressed concerns about the potential need for future adjustments depending on economic developments.","The decision to hold rates suggests a cautious approach, likely leading to a flatter yield curve and potential depreciation of the peso against the dollar."
2013-03-08,2013-03-22,hold,dovish,-1.5,"{""cut_25"": 0, ""hold"": 6}","The committee signals that monetary policy will remain accommodative, with no immediate plans for tightening given the current economic conditions.",None identified.,Weak economic recovery in the U.S.; Low inflation rates.; Weak labor market indicators.,"There were no dissents noted in this meeting, indicating a consensus on the current economic assessment and policy direction.","The decision to hold rates suggests stability in monetary policy, which may lead to a flattening of the yield curve and a stable exchange rate in the short term."
2013-01-18,2013-02-01,Hold,dovish,-1.0,"{""hold"": 5}","The monetary policy is expected to remain accommodative, with potential for further easing if economic conditions do not improve.",,Weak growth expectations for advanced and emerging economies.; Downward trend in inflation in advanced economies.; Stable unemployment rates in the U.S. indicating labor market weakness.,There were no dissenting votes; all members agreed on the decision to hold rates steady.,"The decision to hold rates suggests continued accommodative monetary policy, which may lead to a flatter yield curve and potential depreciation of the peso against the dollar."
2012-11-30,2012-12-14,Hold,dovish,-1.0,"{""hold"": 5}","The committee signals a cautious approach, emphasizing the need for gradual fiscal adjustments and monitoring economic indicators closely before making future policy decisions.",Moderate growth in the U.S. manufacturing sector.; Stabilization in some emerging economies.,Weak forecasts for advanced economies.; Concerns over fiscal adjustments in the U.S. and Eurozone.,"There were no dissenting votes; however, discussions highlighted concerns about the pace of economic recovery and fiscal policy implications.","The hold decision may lead to a stable yield curve in the short term, while uncertainty in fiscal policy could affect FX stability."
2012-10-26,2012-11-09,Hold,dovish,-1.5,"{""cut_25"": 0, ""hold"": 5}","The central bank will maintain a cautious approach, monitoring economic conditions closely before making any policy adjustments.",No immediate tightening of monetary policy expected.; Global central banks are maintaining accommodative stances.,Weakening global growth forecasts.; Lower expected inflation rates.; Continued high unemployment rates in the U.S.,"There was unanimous agreement on the decision to hold rates, reflecting a consensus on the need for caution given the economic outlook.","The decision to hold rates suggests stability in the short term, likely leading to a flatter yield curve and potential depreciation of the peso against the dollar."
2012-09-07,2012-09-21,Hold,dovish,-1.5,"{""hold"": 5}","The committee signals a cautious approach, indicating that further monetary easing may be considered if economic conditions do not improve significantly.",Stable inflation expectations; Improvement in financial market conditions,Weak global growth; High unemployment rates; Increased external risks,"There were no dissents noted in this meeting, indicating a unified stance among committee members.","The decision to hold rates suggests stability in the near term, with potential for future easing if economic conditions do not improve, impacting the yield curve and currency stability."
2012-07-20,2012-08-03,Hold,dovish,-1.0,"{""cut_25"": 0, ""hold"": 5}","The committee signals a cautious approach, emphasizing the need for continued monitoring of economic conditions before making any policy adjustments.",No significant hawkish signals identified.,Global growth forecasts have been revised downwards.; Inflation expectations are decreasing.; Labor market conditions are deteriorating.,There were no dissents noted in this meeting; all members agreed on the decision to hold rates.,"The decision to hold rates suggests stability in the near term, which may lead to a flattening of the yield curve and a weaker peso against major currencies."
2012-06-08,2012-06-22,Hold,dovish,-1.5,"{""hold"": 5}",The committee indicated that the current accommodative monetary policy will remain in place until there are clear signs of economic recovery and inflation stabilizes.,,Weak economic growth outlook.; Declining inflation expectations.; High unemployment rate.,There were no dissenting votes; all members agreed on the need to maintain the current policy stance given the prevailing economic conditions.,"The decision to hold rates suggests stability in the yield curve, with potential for a weaker peso if external risks materialize."
2012-04-27,2012-05-11,The policy rate remains unchanged at 4.5%.,neutral,0.0,"{""hold"": 5}","The committee signals a cautious approach, maintaining the current rate while monitoring global economic conditions closely.",Improvement in US economic indicators.; Slight recovery in global growth forecasts.,Risks from Eurozone debt issues.; Weak labor market participation rates.,"There were no dissents noted in this meeting, indicating a consensus on the current policy stance.","The unchanged rate suggests stability in the monetary policy, which may lead to a flat yield curve and a cautious approach in FX markets."
2012-03-16,2012-03-30,Hold,dovish,-1.5,"{""hold"": 4}","The committee signals a cautious approach, maintaining a supportive monetary policy stance while monitoring global economic developments.",Improvement in U.S. labor market indicators; Stabilization of financial markets in early 2012,Deterioration of global growth outlook; Continued risks from eurozone debt crisis; Weak recovery in private consumption,"There were no dissenting votes, indicating a consensus on the current economic assessment and policy direction.","The decision to hold rates suggests stability in the near term, likely leading to a flatter yield curve and potential depreciation of the peso against the dollar."
2012-01-20,2012-02-03,Hold,dovish,-1.5,"{""hold"": 7}","The central bank will maintain a cautious approach, monitoring economic developments closely before making any adjustments to the monetary policy stance.",Stabilization measures by the ECB have provided some relief in financial conditions.; Slight improvements in U.S. economic indicators may support growth.,Weak global economic growth outlook due to the Eurozone crisis.; Moderation in inflation expectations across advanced economies.,"There were no dissenting votes, indicating a consensus on the need to maintain the current policy stance amidst global uncertainties.","The decision to hold rates suggests continued low yields in the near term, with potential for a flatter yield curve as markets anticipate ongoing accommodative policies."
2011-12-02,2011-12-16,hold,dovish,-1.5,"{""cut_25"": 0, ""hold"": 6}","The committee signals a cautious approach, indicating that future monetary policy decisions will depend on the evolution of inflation and economic growth indicators.",,Deteriorating global economic outlook.; Expected moderation in inflation.; Weak labor market indicators.,"There was unanimous agreement on the decision to hold rates, reflecting a consensus on the prevailing economic uncertainties and risks.","The decision to hold rates suggests a cautious stance, likely leading to a flatter yield curve and potential depreciation of the peso as markets react to ongoing global uncertainties."
2011-10-14,2011-10-28,Hold,dovish,-1.5,"{""hold"": 6}",The committee anticipates maintaining a loose monetary policy stance in light of ongoing economic weakness and inflation moderation.,None identified.,Weak global economic growth and deteriorating consumer confidence.; Moderation of inflationary pressures and expectations.; Persistent high unemployment rates.,There were no dissenting votes; all members agreed on the decision to hold rates.,"The decision to hold rates suggests continued low yields and a dovish outlook, likely maintaining pressure on the currency and influencing future monetary policy discussions."
2011-08-26,2011-09-09,Hold,dovish,-1.5,"{""hold"": 6}",The committee will continue to monitor economic conditions closely and is prepared to adjust policy as necessary to support growth.,None identified.,Weakening growth outlook in advanced economies.; Moderation in inflation expectations.; High unemployment rates persisting.,"There were no dissenting votes; however, concerns about the adequacy of fiscal measures were noted.","Expectations for future monetary policy remain accommodative, with potential implications for the yield curve and currency stability."
2011-07-08,2011-07-22,Hold,dovish,-1.5,"{""hold"": 5}",The committee remains vigilant about inflation risks but sees current economic conditions as requiring a cautious approach to policy.,Stable long-term inflation expectations; Recent declines in commodity prices,Slowing global economic growth; Weak U.S. labor market; Risks from European debt issues,"There were no dissenting votes, indicating a unified view among committee members regarding the current economic outlook.","The decision to hold rates suggests stability in the near term, likely leading to a flatter yield curve and potential depreciation of the peso against the dollar."
2011-05-27,2011-06-10,hold,dovish,-1.0,"{""hold"": 6}","The committee emphasizes the need for continued monitoring of inflation and growth dynamics, indicating that any future adjustments will depend on economic conditions.",Moderate inflation pressures from commodity prices.; Strong growth in emerging markets.,Weak labor market conditions.; Moderation in growth forecasts for advanced economies.,"There were no dissenting votes; however, concerns about the sustainability of growth and inflation pressures were discussed.","Expectations for the next meeting suggest a continuation of the current policy stance, with potential for gradual adjustments depending on economic data."
2011-04-15,2011-04-29,Increased the reference rate by 25 basis points to 1.25%,hawkish,1.5,"{""cut_25"": 0, ""hold"": 0, ""raise_25"": 5}",The committee signals that further adjustments to the policy rate may be necessary depending on inflationary pressures and economic growth.,Increase in commodity prices leading to inflationary pressures.; Improvement in economic growth indicators.; Rising interest rates in advanced economies signaling a shift in monetary policy.,Core inflation remains low.; High levels of household debt and unemployment still present challenges.,No dissent was noted; all members agreed on the necessity of the rate increase given the current economic conditions.,Expectations for further rate hikes may lead to a steeper yield curve and potential appreciation of the peso against the dollar.
2011-03-04,2011-03-18,Hold,dovish,-1.0,"{""hold"": 6}",The committee indicated that it will continue to monitor economic conditions closely and adjust policy as necessary to support growth and maintain price stability.,Concerns about inflationary pressures in emerging markets.; Increased commodity prices impacting inflation expectations.,Weak labor market conditions persist.; Low core inflation in advanced economies.,"There were no dissenting votes; however, concerns were raised about the sustainability of growth and inflation risks.","The decision to hold rates suggests stability in the current monetary policy, which may lead to a flatter yield curve and a cautious approach in FX markets."
2011-01-21,2011-02-04,Hold,dovish,-1.0,"{""hold"": 5}","The committee remains cautious about future monetary policy adjustments, emphasizing the need for sustained economic improvement before considering rate changes.",Improved growth forecasts in advanced economies; Rising inflation in emerging markets,High unemployment in the U.S.; Fragile recovery in Europe; Need for fiscal consolidation in several countries,"There was a unanimous agreement on holding rates, but discussions highlighted concerns about inflation and external risks, indicating a potential for future debates on policy direction.","The decision to hold rates suggests stability in the near term, but markets may anticipate future tightening if inflation pressures increase."
